u,v,delta_p_1,beta_1,dom_u_1,dom_v_1,delta_p_0,beta_0,dom_u_0,dom_v_0,sign_1,sign_0,sign_agree,dp_diff,abs_diff
MathA_01,MathA_12,0.118791,0.127468,数と計算,図形,0.157962,0.169499,数と計算,図形,1.0,1.0,True,-0.039171,0.039171
MathA_08,MathA_10,0.153035,0.162024,量と測定,量と測定,0.200403,0.212175,量と測定,量と測定,1.0,1.0,True,-0.04736799999999999,0.04736799999999999
MathA_09,MathA_10,0.220614,0.227037,量と測定,量と測定,0.270079,0.277942,量と測定,量と測定,1.0,1.0,True,-0.04946500000000001,0.04946500000000001
MathB_06,MathB_03,0.090865,0.10645,データ活用,図形,0.095397,0.111759,データ活用,図形,1.0,1.0,True,-0.004531999999999994,0.004531999999999994
MathB_10,MathB_11,0.092096,0.146148,数と計算,数と計算,0.097743,0.15511,数と計算,数と計算,1.0,1.0,True,-0.005646999999999999,0.005646999999999999
